mae,mse,horizon
0.2426576390862465,0.1223754206938403,96
0.2815655991435051,0.16141598392277956,192
0.3351993975894792,0.2288498210587672,336
0.36877053124564035,0.2774258532694408,720
