mae,mse,horizon
0.2674223661540901,0.1360904451974294,96
0.30644665305942204,0.17404161129640264,192
0.30169773116159443,0.17411493197434016,336
0.3313484408169153,0.2061796649315984,720
