mae,mse,horizon
10.918515615826477,206.36700706085918,96
11.039901721812637,210.72970787247323,192
11.25069924591175,218.39836347861836,336
11.435857130562418,219.05314730480336,720
