mae,mse,horizon
0.3800942857633345,0.27145078165904124,96
0.4014187093998771,0.29278665972105955,192
0.4644959418073995,0.3765486799102291,336
0.47514363305526786,0.39251733628771035,720
