mae,mse,horizon
0.4927605156060597,0.6214504446018088,96
0.5484342591870836,0.8756083630513605,192
0.6211201556646775,0.997171385969776,336
0.5335929255384473,0.7376140729420617,720
