mae,mse,horizon
0.314183242022585,0.19859017871077134,96
0.3426715683983625,0.27065102717546236,192
0.38914996758102444,0.3306387945003625,336
0.4319848096618332,0.391266876830857,720
