mae,mse,horizon
23.39857182173552,766.3969555399419,96
23.43638417011212,769.1971266220082,192
23.65054093737083,779.5929769947404,336
25.880067516657633,920.6770503555374,720
