mae,mse,horizon
0.2530099753392516,0.1296953252023296,96
0.4235491194672344,0.31348122856971383,192
0.47584519353570665,0.45804066195723436,336
0.8043424455833543,1.1217453516396507,720
