mae,mse,horizon
0.4261009283363819,0.3268282227218151,96
0.9815105944871902,1.7519703693687916,192
1.212707333266735,2.5744763761758804,336
1.3979980647563934,3.194953851401806,720
