mae,mse,horizon
0.4233351284638047,0.31116847007069737,96
0.42940117232501507,0.3732102829962969,192
0.537182318046689,0.4685122643131763,336
0.878918869420886,1.4418107862584293,720
