mae,mse,horizon
0.2530099753392516,0.1296953252023296,96
0.4235491194672344,0.31348122856971383,192
0.4758451935357067,0.4580406619572344,336
0.8043424455833544,1.1217453516396507,720
