mae,mse,horizon
1.278959641232308,2.3978397480679066,96
1.490370142222825,3.876692452140717,192
1.728142508080211,4.369955835360001,336
2.3041049634379442,5.972195320299678,720
