mae,mse,horizon
0.03977158049328022,0.02230871200206684,96
0.04420743636935532,0.004533443307161437,192
0.04896923041889678,0.0051816890230450136,336
0.06594508617035215,0.009105017497725618,720
