mae,mse,horizon
0.2643231227993965,0.11831473838537931,96
0.2793924244386809,0.144523168780974,192
0.30077582810606274,0.1500059174639838,336
0.3123574416552271,0.17169043381831475,720
