mae,mse,horizon
0.3000815351260826,0.19526089954160852,96
0.3272578145842999,0.23306244552441058,192
0.3662867097882554,0.3158641922636889,336
0.37172525306232274,0.35333622948019183,720
